Knowledge_Context,Knowledge_Acceptance,Knowledge_Accuracy,Knowledge_Quality
2,32,1,2
2,24,1,2
2,25,1,2
2,24,1,2
2,24,1,2
2,31,1,2
2,34,1,2
2,23,1,2
2,26,1,2
2,37,1,2
2,28,1,2
2,22,1,2
2,38,1,2
2,22,1,2
2,33,1,2
2,31,1,2
2,38,1,2
2,33,1,2
2,32,1,2
2,35,1,2
2,33,1,2
2,28,1,2
2,39,1,2
2,21,1,2
2,30,1,2
2,39,1,2
2,30,1,2
2,23,1,2
2,35,1,2
2,39,1,2
2,39,1,2
2,26,1,2
2,38,1,2
2,28,1,2
2,32,1,2
2,24,1,2
2,23,1,2
2,23,1,2
2,33,1,2
2,28,1,2
2,37,1,2
2,36,1,2
2,22,1,2
2,35,1,2
2,30,1,2
2,34,1,2
2,23,1,2
2,25,1,2
2,37,1,2
2,32,1,2
2,29,1,2
2,31,1,2
2,24,1,2
2,24,1,2
2,25,1,2
2,22,1,2
2,30,1,2
2,33,1,2
2,40,1,2
2,35,1,2
2,31,1,2
2,38,1,2
2,27,1,2
2,26,1,2
2,24,1,2
2,23,1,2
2,39,1,2
2,29,1,2
2,21,1,2
2,29,1,2
2,34,1,2
2,21,1,2
2,35,1,2
2,29,1,2
2,34,1,2
2,36,1,2
2,35,1,2
2,22,1,2
2,27,1,2
2,23,1,2
2,30,1,2
2,23,1,2
2,23,1,2
2,31,1,2
2,40,1,2
2,35,1,2
2,36,1,2
2,30,1,2
2,37,1,2
2,23,1,2
2,35,1,2
2,29,1,2
2,30,1,2
2,21,1,2
2,21,1,2
2,36,1,2
2,32,1,2
2,40,1,2
2,39,1,2
2,36,1,2
2,25,1,2
2,31,1,2
2,26,1,2
2,32,1,2
2,40,1,2
2,39,1,2
2,40,1,2
2,22,1,2
2,27,1,2
2,27,1,2
2,40,1,2
2,39,1,2
2,21,1,2
2,25,1,2
2,39,1,2
2,31,1,2
2,28,1,2
2,35,1,2
2,40,1,2
2,34,1,2
2,32,1,2
2,22,1,2
2,23,1,2
2,28,1,2
2,21,1,2
2,39,1,2
2,30,1,2
2,29,1,2
2,32,1,2
2,39,1,2
2,39,1,2
2,33,1,2
2,27,1,2
2,27,1,2
2,30,1,2
2,22,1,2
2,31,1,2
2,28,1,2
2,40,1,2
2,25,1,2
2,23,1,2
2,32,1,2
2,25,1,2
2,37,1,2
2,22,1,2
2,37,1,2
2,30,1,2
2,40,1,2
2,28,1,2
2,28,1,2
2,28,1,2
2,27,1,2
2,31,1,2
2,34,1,2
2,31,1,2
2,34,1,2
2,35,1,2
2,23,1,2
2,33,1,2
2,22,1,2
2,40,1,2
2,39,1,2
2,25,1,2
2,36,1,2
2,28,1,2
2,25,1,2
2,33,1,2
2,36,1,2
2,28,1,2
2,38,1,2
2,22,1,2
2,33,1,2
2,27,1,2
2,32,1,2
2,23,1,2
2,25,1,2
2,37,1,2
2,26,1,2
2,31,1,2
2,22,1,2
2,28,1,2
2,32,1,2
2,29,1,2
2,35,1,2
2,25,1,2
2,31,1,2
2,36,1,2
2,35,1,2
2,37,1,2
2,33,1,2
2,29,1,2
2,34,1,2
2,38,1,2
2,29,1,2
2,30,1,2
2,21,1,2
2,36,1,2
2,37,1,2
2,23,1,2
2,38,1,2
2,24,1,2
2,28,1,2
2,30,1,2
2,32,1,2
2,38,1,2
2,31,1,2
2,25,1,2
2,23,1,2
2,30,1,2
2,35,1,2
2,30,1,2
2,28,1,2
2,29,1,2
2,23,1,2
2,25,1,2
2,38,1,2
2,30,1,2
2,40,1,2
2,21,1,2
2,37,1,2
2,40,1,2
2,38,1,2
2,35,1,2
2,38,1,2
2,27,1,2
2,38,1,2
2,27,1,2
2,25,1,2
2,21,1,2
2,31,1,2
2,34,1,2
2,35,1,2
2,26,1,2
2,23,1,2
2,40,1,2
2,29,1,2
2,21,1,2
2,33,1,2
2,22,1,2
2,30,1,2
2,26,1,2
2,39,1,2
2,37,1,2
2,26,1,2
2,27,1,2
2,31,1,2
2,30,1,2
2,26,1,2
2,36,1,2
2,21,1,2
2,22,1,2
2,37,1,2
2,36,1,2
2,32,1,2
2,36,1,2
2,33,1,2
2,34,1,2
2,21,1,2
2,38,1,2
2,24,1,2
2,30,1,2
2,25,1,2
2,34,1,2
2,39,1,2
2,21,1,2
2,33,1,2
2,23,1,2
2,24,1,2
2,21,1,2
2,37,1,2
2,25,1,2
2,34,1,2
2,40,1,2
2,27,1,2
2,27,1,2
2,40,1,2
2,36,1,2
2,39,1,2
2,33,1,2
2,38,1,2
2,37,1,2
2,27,1,2
2,31,1,2
2,23,1,2
2,34,1,2
2,24,1,2
2,27,1,2
2,25,1,2
2,36,1,2
2,37,1,2
2,39,1,2
2,36,1,2
2,34,1,2
2,28,1,2
2,29,1,2
2,23,1,2
2,27,1,2
2,40,1,2
2,33,1,2
2,30,1,2
2,35,1,2
2,21,1,2
2,27,1,2
2,24,1,2
2,26,1,2
2,34,1,2
2,21,1,2
2,32,1,2
2,32,1,2
2,35,1,2
2,27,1,2
2,22,1,2
2,36,1,2
2,28,1,2
2,37,1,2
2,28,1,2
2,25,1,2
2,28,1,2
2,25,1,2
2,26,1,2
2,33,1,2
2,27,1,2
2,31,1,2
2,37,1,2
2,31,1,2
2,33,1,2
2,29,1,2
2,38,1,2
2,24,1,2
2,28,1,2
2,36,1,2
2,31,1,2
2,37,1,2
2,31,1,2
2,34,1,2
2,38,1,2
2,25,1,2
2,23,1,2
2,35,1,2
2,37,1,2
2,33,1,2
2,25,1,2
2,27,1,2
2,24,1,2
2,40,1,2
2,21,1,2
2,39,1,2
2,22,1,2
2,31,1,2
2,26,1,2
2,38,1,2
2,36,1,2
2,30,1,2
2,21,1,2
2,24,1,2
2,31,1,2
2,26,1,2
2,26,1,2
2,40,1,2
2,26,1,2
2,29,1,2
2,36,1,2
2,31,1,2
2,40,1,2
2,32,1,2
2,21,1,2
2,27,1,2
2,40,1,2
2,30,1,2
2,37,1,2
2,40,1,2
2,27,1,2
2,22,1,2
2,22,1,2
2,35,1,2
2,24,1,2
2,26,1,2
2,24,1,2
2,22,1,2
2,36,1,2
2,35,1,2
2,35,1,2
2,24,1,2
2,29,1,2
2,33,1,2
2,26,1,2
2,28,1,2
2,32,1,2
2,35,1,2
2,33,1,2
2,27,1,2
2,34,1,2
2,33,1,2
2,23,1,2
2,25,1,2
2,36,1,2
2,26,1,2
2,32,1,2
2,39,1,2
2,36,1,2
2,38,1,2
2,32,1,2
2,34,1,2
2,30,1,2
2,35,1,2
2,37,1,2
2,35,1,2
2,39,1,2
2,29,1,2
2,26,1,2
2,21,1,2
2,35,1,2
2,22,1,2
2,34,1,2
2,28,1,2
2,24,1,2
2,36,1,2
2,37,1,2
2,30,1,2
2,32,1,2
2,37,1,2
2,35,1,2
2,23,1,2
2,36,1,2
2,37,1,2
2,28,1,2
2,26,1,2
2,21,1,2
2,21,1,2
2,37,1,2
2,29,1,2
2,37,1,2
2,38,1,2
2,21,1,2
2,22,1,2
2,30,1,2
2,35,1,2
2,36,1,2
2,25,1,2
2,23,1,2
2,36,1,2
2,32,1,2
2,27,1,2
2,25,1,2
2,23,1,2
2,22,1,2
2,32,1,2
2,32,1,2
2,22,1,2
2,40,1,2
2,33,1,2
2,36,1,2
2,27,1,2
2,24,1,2
2,38,1,2
2,23,1,2
2,38,1,2
2,27,1,2
2,25,1,2
2,25,1,2
2,21,1,2
2,26,1,2
2,36,1,2
2,38,1,2
2,37,1,2
2,36,1,2
2,39,1,2
2,21,1,2
2,31,1,2
2,22,1,2
2,39,1,2
2,32,1,2
2,39,1,2
2,40,1,2
2,24,1,2
2,21,1,2
2,30,1,2
2,37,1,2
2,26,1,2
2,39,1,2
2,37,1,2
2,27,1,2
2,40,1,2
2,22,1,2
2,39,1,2
2,27,1,2
2,38,1,2
2,33,1,2
2,30,1,2
2,32,1,2
2,40,1,2
2,22,1,2
2,39,1,2
2,38,1,2
2,30,1,2
2,38,1,2
2,28,1,2
2,30,1,2
2,39,1,2
2,22,1,2
2,27,1,2
2,21,1,2
2,26,1,2
2,40,1,2
2,37,1,2
2,34,1,2
2,28,1,2
2,40,1,2
2,23,1,2
2,39,1,2
2,27,1,2
2,26,1,2
2,24,1,2
2,37,1,2
2,21,1,2
2,27,1,2
2,40,1,2
2,27,1,2
2,23,1,2
2,31,1,2
2,36,1,2
2,25,1,2
2,29,1,2
2,30,1,2
2,22,1,2
2,30,1,2
2,38,1,2
2,26,1,2
2,24,1,2
2,26,1,2
2,35,1,2
2,30,1,2
2,23,1,2
2,34,1,2
2,34,1,2
2,38,1,2
2,25,1,2
2,36,1,2
2,35,1,2
2,38,1,2
2,40,1,2
2,22,1,2
2,21,1,2
2,22,1,2
2,34,1,2
2,27,1,2
2,33,1,2
2,39,1,2
2,32,1,2
2,23,1,2
2,27,1,2
2,36,1,2
2,38,1,2
2,21,1,2
2,38,1,2
2,34,1,2
2,34,1,2
2,37,1,2
2,25,1,2
2,35,1,2
2,38,1,2
2,28,1,2
2,36,1,2
2,34,1,2
2,21,1,2
2,33,1,2
2,32,1,2
2,27,1,2
2,31,1,2
2,34,1,2
2,38,1,2
2,35,1,2
2,23,1,2
2,33,1,2
2,28,1,2
2,38,1,2
2,30,1,2
2,21,1,2
2,31,1,2
2,31,1,2
2,27,1,2
2,34,1,2
2,38,1,2
2,22,1,2
2,40,1,2
2,38,1,2
2,27,1,2
2,21,1,2
2,37,1,2
2,26,1,2
2,34,1,2
2,24,1,2
2,38,1,2
2,36,1,2
2,23,1,2
2,39,1,2
2,33,1,2
2,21,1,2
2,30,1,2
2,40,1,2
2,38,1,2
2,22,1,2
2,37,1,2
2,30,1,2
2,34,1,2
2,29,1,2
2,37,1,2
2,27,1,2
2,25,1,2
2,37,1,2
2,35,1,2
2,27,1,2
2,22,1,2
2,32,1,2
2,36,1,2
2,34,1,2
2,29,1,2
2,24,1,2
2,22,1,2
2,24,1,2
2,35,1,2
2,31,1,2
2,38,1,2
2,31,1,2
2,32,1,2
2,26,1,2
2,23,1,2
2,38,1,2
2,31,1,2
2,26,1,2
2,30,1,2
2,23,1,2
2,21,1,2
2,26,1,2
2,32,1,2
2,26,1,2
2,33,1,2
2,21,1,2
2,33,1,2
2,40,1,2
2,31,1,2
2,26,1,2
2,23,1,2
2,30,1,2
2,29,1,2
2,23,1,2
2,23,1,2
2,31,1,2
2,32,1,2
2,34,1,2
2,32,1,2
2,29,1,2
2,25,1,2
2,26,1,2
2,24,1,2
2,27,1,2
2,30,1,2
2,28,1,2
2,38,1,2
2,33,1,2
2,21,1,2
2,28,1,2
2,27,1,2
2,21,1,2
2,21,1,2
2,31,1,2
2,35,1,2
2,39,1,2
2,32,1,2
2,26,1,2
2,23,1,2
2,33,1,2
2,21,1,2
2,21,1,2
2,39,1,2
2,26,1,2
2,23,1,2
2,33,1,2
2,22,1,2
2,40,1,2
2,21,1,2
2,31,1,2
2,27,1,2
2,35,1,2
2,31,1,2
2,32,1,2
2,31,1,2
2,22,1,2
2,29,1,2
2,31,1,2
2,26,1,2
2,23,1,2
2,26,1,2
2,22,1,2
2,24,1,2
2,22,1,2
2,23,1,2
2,35,1,2
2,39,1,2
2,22,1,2
2,28,1,2
2,36,1,2
2,39,1,2
2,28,1,2
2,31,1,2
2,21,1,2
2,27,1,2
2,28,1,2
2,36,1,2
2,26,1,2
2,22,1,2
2,24,1,2
2,22,1,2
2,32,1,2
2,24,1,2
2,23,1,2
2,25,1,2
2,21,1,2
2,26,1,2
2,40,1,2
2,31,1,2
2,39,1,2
2,24,1,2
2,32,1,2
2,33,1,2
2,29,1,2
2,32,1,2
2,37,1,2
2,24,1,2
2,31,1,2
2,24,1,2
2,27,1,2
2,24,1,2
2,30,1,2
2,30,1,2
2,40,1,2
2,23,1,2
2,22,1,2
2,24,1,2
2,30,1,2
2,38,1,2
2,24,1,2
2,40,1,2
2,30,1,2
2,26,1,2
2,23,1,2
2,38,1,2
2,32,1,2
2,36,1,2
2,33,1,2
2,29,1,2
2,39,1,2
2,32,1,2
2,31,1,2
2,33,1,2
2,37,1,2
2,26,1,2
2,38,1,2
2,29,1,2
2,23,1,2
2,32,1,2
2,24,1,2
2,22,1,2
2,27,1,2
2,35,1,2
2,38,1,2
2,21,1,2
2,38,1,2
2,38,1,2
2,38,1,2
2,23,1,2
2,22,1,2
2,32,1,2
2,26,1,2
2,21,1,2
2,40,1,2
2,39,1,2
2,37,1,2
2,30,1,2
2,38,1,2
2,29,1,2
2,29,1,2
2,36,1,2
2,30,1,2
2,22,1,2
2,22,1,2
2,25,1,2
2,26,1,2
2,40,1,2
2,36,1,2
2,32,1,2
2,24,1,2
2,39,1,2
2,30,1,2
2,22,1,2
2,35,1,2
2,38,1,2
2,33,1,2
2,32,1,2
2,31,1,2
2,31,1,2
2,30,1,2
2,27,1,2
2,36,1,2
2,29,1,2
2,26,1,2
2,21,1,2
2,38,1,2
2,32,1,2
2,21,1,2
2,32,1,2
2,37,1,2
2,33,1,2
2,27,1,2
2,25,1,2
2,33,1,2
2,28,1,2
2,38,1,2
2,31,1,2
2,36,1,2
2,38,1,2
2,21,1,2
2,26,1,2
2,21,1,2
2,37,1,2
2,40,1,2
2,31,1,2
2,22,1,2
2,22,1,2
2,23,1,2
2,25,1,2
2,35,1,2
2,40,1,2
2,25,1,2
2,22,1,2
2,31,1,2
2,37,1,2
2,31,1,2
2,26,1,2
2,22,1,2
2,28,1,2
2,40,1,2
2,34,1,2
2,26,1,2
2,30,1,2
2,34,1,2
2,27,1,2
2,32,1,2
2,39,1,2
2,32,1,2
2,24,1,2
2,26,1,2
2,23,1,2
2,21,1,2
2,37,1,2
2,37,1,2
2,34,1,2
2,27,1,2
2,21,1,2
2,23,1,2
2,40,1,2
2,27,1,2
2,33,1,2
2,27,1,2
2,29,1,2
2,37,1,2
2,30,1,2
2,31,1,2
2,38,1,2
2,30,1,2
2,21,1,2
2,39,1,2
2,31,1,2
2,37,1,2
2,25,1,2
2,27,1,2
2,28,1,2
2,33,1,2
2,35,1,2
2,28,1,2
2,40,1,2
2,33,1,2
2,24,1,2
2,31,1,2
2,40,1,2
2,40,1,2
2,24,1,2
2,33,1,2
2,39,1,2
2,37,1,2
2,33,1,2
2,38,1,2
2,25,1,2
2,24,1,2
2,32,1,2
2,30,1,2
2,39,1,2
2,40,1,2
2,36,1,2
2,37,1,2
2,27,1,2
2,31,1,2
2,26,1,2
2,25,1,2
2,31,1,2
2,25,1,2
2,27,1,2
2,36,1,2
2,26,1,2
2,30,1,2
2,37,1,2
2,23,1,2
2,23,1,2
2,40,1,2
2,23,1,2
2,25,1,2
2,24,1,2
2,33,1,2
2,36,1,2
2,27,1,2
2,38,1,2
2,33,1,2
2,34,1,2
2,30,1,2
2,32,1,2
2,22,1,2
2,34,1,2
2,35,1,2
2,28,1,2
2,30,1,2
2,21,1,2
2,28,1,2
2,37,1,2
2,23,1,2
2,32,1,2
2,27,1,2
2,31,1,2
2,40,1,2
2,34,1,2
2,32,1,2
2,35,1,2
2,21,1,2
2,33,1,2
2,22,1,2
2,28,1,2
2,36,1,2
2,30,1,2
2,29,1,2
2,29,1,2
2,38,1,2
2,30,1,2
2,32,1,2
2,29,1,2
2,26,1,2
2,40,1,2
2,27,1,2
2,25,1,2
2,38,1,2
2,32,1,2
2,27,1,2
2,33,1,2
2,40,1,2
2,24,1,2
2,26,1,2
2,39,1,2
2,24,1,2
2,23,1,2
2,22,1,2
2,23,1,2
2,36,1,2
2,25,1,2
2,33,1,2
2,39,1,2
2,34,1,2
2,39,1,2
2,34,1,2
2,33,1,2
2,21,1,2
2,29,1,2
2,35,1,2
2,24,1,2
2,34,1,2
2,34,1,2
2,34,1,2
2,22,1,2
2,21,1,2
2,35,1,2
2,35,1,2
2,21,1,2
2,40,1,2
2,28,1,2
2,36,1,2
2,37,1,2
2,38,1,2
2,34,1,2
2,37,1,2
2,22,1,2
2,37,1,2
2,34,1,2
2,36,1,2
1,9,1,1
1,9,1,1
1,7,1,1
1,11,1,1
1,1,1,1
1,8,1,1
1,5,1,1
1,4,1,1
1,1,1,1
1,5,1,1
1,12,1,1
1,0,1,1
1,3,1,1
1,9,1,1
1,5,1,1
1,14,1,1
1,9,1,1
1,13,1,1
1,6,1,1
1,17,1,1
1,5,1,1
1,10,1,1
1,0,1,1
1,2,1,1
1,17,1,1
1,1,1,1
1,3,1,1
1,5,1,1
1,1,1,1
1,15,1,1
1,15,1,1
1,6,1,1
1,16,1,1
1,19,1,1
1,8,1,1
1,0,1,1
1,7,1,1
1,6,1,1
1,1,1,1
1,8,1,1
1,18,1,1
1,12,1,1
1,20,1,1
1,4,1,1
1,14,1,1
1,3,1,1
1,19,1,1
1,13,1,1
1,5,1,1
1,2,1,1
1,0,1,1
1,0,1,1
1,19,1,1
1,12,1,1
1,1,1,1
1,10,1,1
1,2,1,1
1,8,1,1
1,2,1,1
1,10,1,1
1,20,1,1
1,5,1,1
1,17,1,1
1,2,1,1
1,6,1,1
1,17,1,1
1,8,1,1
1,10,1,1
1,20,1,1
1,15,1,1
1,15,1,1
1,9,1,1
1,20,1,1
1,7,1,1
1,1,1,1
1,12,1,1
1,9,1,1
1,4,1,1
1,15,1,1
1,17,1,1
1,11,1,1
1,16,1,1
1,19,1,1
1,13,1,1
1,11,1,1
1,20,1,1
1,12,1,1
1,0,1,1
1,4,1,1
1,0,1,1
1,16,1,1
1,13,1,1
1,3,1,1
1,19,1,1
1,20,1,1
1,2,1,1
1,6,1,1
1,6,1,1
1,16,1,1
1,16,1,1
1,18,1,1
1,3,1,1
1,19,1,1
1,6,1,1
1,11,1,1
1,15,1,1
1,5,1,1
1,1,1,1
1,17,1,1
1,7,1,1
1,7,1,1
1,7,1,1
1,16,1,1
1,15,1,1
1,1,1,1
1,9,1,1
1,6,1,1
1,16,1,1
1,3,1,1
1,13,1,1
1,11,1,1
1,19,1,1
1,14,1,1
1,13,1,1
1,3,1,1
1,15,1,1
1,13,1,1
1,8,1,1
1,8,1,1
1,5,1,1
1,11,1,1
1,20,1,1
1,19,1,1
1,20,1,1
1,13,1,1
1,14,1,1
1,9,1,1
1,4,1,1
1,3,1,1
1,4,1,1
1,6,1,1
1,1,1,1
1,5,1,1
1,7,1,1
1,3,1,1
1,7,1,1
1,15,1,1
1,16,1,1
1,2,1,1
1,9,1,1
1,16,1,1
1,18,1,1
1,1,1,1
1,6,1,1
1,11,1,1
1,17,1,1
1,7,1,1
1,12,1,1
1,19,1,1
1,14,1,1
1,5,1,1
1,10,1,1
1,9,1,1
1,10,1,1
1,2,1,1
1,9,1,1
1,16,1,1
1,3,1,1
1,1,1,1
1,19,1,1
1,15,1,1
1,11,1,1
1,9,1,1
1,9,1,1
1,0,1,1
1,7,1,1
1,19,1,1
1,19,1,1
1,3,1,1
1,12,1,1
1,9,1,1
1,16,1,1
1,13,1,1
1,15,1,1
1,11,1,1
1,11,1,1
1,4,1,1
1,3,1,1
1,6,1,1
1,6,1,1
1,13,1,1
1,19,1,1
1,17,1,1
1,20,1,1
1,16,1,1
1,5,1,1
1,6,1,1
1,2,1,1
1,7,1,1
1,1,1,1
1,2,1,1
1,9,1,1
1,6,1,1
1,3,1,1
1,4,1,1
1,7,1,1
1,15,1,1
1,18,1,1
1,20,1,1
1,1,1,1
1,4,1,1
1,4,1,1
1,18,1,1
1,15,1,1
1,7,1,1
1,16,1,1
1,19,1,1
1,20,1,1
1,20,1,1
1,17,1,1
1,13,1,1
1,15,1,1
1,4,1,1
1,11,1,1
1,3,1,1
1,17,1,1
1,17,1,1
1,11,1,1
1,15,1,1
1,8,1,1
1,9,1,1
1,1,1,1
1,4,1,1
1,16,1,1
1,14,1,1
1,12,1,1
1,18,1,1
1,5,1,1
1,1,1,1
1,6,1,1
1,12,1,1
1,6,1,1
1,14,1,1
1,14,1,1
1,6,1,1
1,10,1,1
1,0,1,1
1,3,1,1
1,2,1,1
1,9,1,1
1,8,1,1
1,1,1,1
1,7,1,1
1,12,1,1
1,20,1,1
1,1,1,1
1,12,1,1
1,15,1,1
1,19,1,1
1,5,1,1
1,1,1,1
1,9,1,1
1,11,1,1
1,6,1,1
1,17,1,1
1,20,1,1
1,4,1,1
1,5,1,1
1,14,1,1
1,14,1,1
1,1,1,1
1,17,1,1
1,5,1,1
1,14,1,1
1,13,1,1
1,6,1,1
1,1,1,1
1,6,1,1
1,19,1,1
1,2,1,1
1,14,1,1
1,15,1,1
1,13,1,1
1,16,1,1
1,13,1,1
1,1,1,1
1,1,1,1
1,16,1,1
1,11,1,1
1,7,1,1
1,2,1,1
1,4,1,1
1,8,1,1
1,11,1,1
1,15,1,1
1,14,1,1
1,19,1,1
1,11,1,1
1,5,1,1
1,11,1,1
1,11,1,1
1,9,1,1
1,10,1,1
1,7,1,1
1,6,1,1
1,19,1,1
1,0,1,1
1,8,1,1
1,19,1,1
1,11,1,1
1,8,1,1
1,18,1,1
1,9,1,1
1,19,1,1
1,5,1,1
1,13,1,1
1,4,1,1
1,18,1,1
1,16,1,1
1,1,1,1
1,1,1,1
1,4,1,1
1,14,1,1
1,12,1,1
1,8,1,1
1,3,1,1
1,19,1,1
1,10,1,1
1,3,1,1
1,18,1,1
1,3,1,1
1,13,1,1
1,11,1,1
1,19,1,1
1,5,1,1
1,20,1,1
1,19,1,1
1,0,1,1
1,16,1,1
1,15,1,1
1,6,1,1
1,4,1,1
1,10,1,1
1,16,1,1
1,17,1,1
1,1,1,1
1,0,1,1
1,15,1,1
1,13,1,1
1,18,1,1
1,20,1,1
1,18,1,1
1,17,1,1
1,15,1,1
1,13,1,1
1,2,1,1
1,5,1,1
1,12,1,1
1,2,1,1
1,14,1,1
1,8,1,1
1,2,1,1
1,1,1,1
1,9,1,1
1,18,1,1
1,9,1,1
1,5,1,1
1,6,1,1
1,6,1,1
1,7,1,1
1,2,1,1
1,14,1,1
1,0,1,1
1,6,1,1
1,1,1,1
1,11,1,1
1,18,1,1
1,9,1,1
1,0,1,1
1,16,1,1
1,5,1,1
1,18,1,1
1,10,1,1
1,0,1,1
1,11,1,1
1,18,1,1
1,18,1,1
1,20,1,1
1,6,1,1
1,17,1,1
1,12,1,1
1,16,1,1
1,8,1,1
1,6,1,1
1,3,1,1
1,14,1,1
1,13,1,1
1,20,1,1
1,7,1,1
1,8,1,1
1,12,1,1
1,6,1,1
1,6,1,1
1,15,1,1
1,8,1,1
1,17,1,1
1,3,1,1
1,9,1,1
1,10,1,1
1,12,1,1
1,8,1,1
1,3,1,1
1,2,1,1
1,2,1,1
1,17,1,1
1,16,1,1
1,11,1,1
1,16,1,1
1,8,1,1
1,4,1,1
1,16,1,1
1,13,1,1
1,4,1,1
1,7,1,1
1,15,1,1
1,8,1,1
1,5,1,1
1,8,1,1
1,15,1,1
1,12,1,1
1,20,1,1
1,17,1,1
1,6,1,1
1,4,1,1
1,0,1,1
1,13,1,1
1,10,1,1
1,0,1,1
1,13,1,1
1,5,1,1
1,6,1,1
1,2,1,1
1,0,1,1
1,5,1,1
1,5,1,1
1,7,1,1
1,14,1,1
1,15,1,1
1,10,1,1
1,15,1,1
1,20,1,1
1,16,1,1
1,9,1,1
1,13,1,1
1,9,1,1
1,2,1,1
1,1,1,1
1,10,1,1
1,8,1,1
1,5,1,1
1,4,1,1
1,7,1,1
1,18,1,1
1,8,1,1
1,8,1,1
1,19,1,1
1,10,1,1
1,15,1,1
1,16,1,1
1,9,1,1
1,14,1,1
1,16,1,1
1,7,1,1
1,10,1,1
1,4,1,1
1,1,1,1
1,4,1,1
1,10,1,1
1,13,1,1
1,12,1,1
1,11,1,1
1,11,1,1
1,18,1,1
1,14,1,1
1,4,1,1
1,17,1,1
1,11,1,1
1,7,1,1
1,5,1,1
1,13,1,1
1,2,1,1
1,4,1,1
1,2,1,1
1,16,1,1
1,10,1,1
1,3,1,1
1,4,1,1
1,7,1,1
1,12,1,1
1,7,1,1
1,7,1,1
1,19,1,1
1,2,1,1
1,9,1,1
1,3,1,1
1,1,1,1
1,2,1,1
1,4,1,1
1,5,1,1
1,7,1,1
1,16,1,1
1,20,1,1
1,11,1,1
1,7,1,1
1,15,1,1
1,6,1,1
1,14,1,1
1,9,1,1
1,11,1,1
1,19,1,1
1,12,1,1
1,18,1,1
1,3,1,1
1,3,1,1
1,17,1,1
1,3,1,1
1,7,1,1
1,7,1,1
1,17,1,1
1,15,1,1
1,3,1,1
1,15,1,1
1,16,1,1
1,4,1,1
1,1,1,1
1,11,1,1
1,15,1,1
1,13,1,1
1,11,1,1
1,14,1,1
1,8,1,1
1,11,1,1
1,8,1,1
1,6,1,1
1,4,1,1
1,5,1,1
1,18,1,1
1,17,1,1
1,14,1,1
1,2,1,1
1,4,1,1
1,11,1,1
1,7,1,1
1,12,1,1
1,17,1,1
1,9,1,1
1,10,1,1
1,15,1,1
1,12,1,1
1,1,1,1
1,12,1,1
1,15,1,1
1,10,1,1
1,15,1,1
1,9,1,1
1,19,1,1
1,6,1,1
1,16,1,1
1,4,1,1
1,18,1,1
1,2,1,1
1,16,1,1
1,3,1,1
1,20,1,1
1,19,1,1
1,2,1,1
1,12,1,1
1,8,1,1
1,12,1,1
1,0,1,1
1,1,1,1
1,2,1,1
1,17,1,1
1,19,1,1
1,15,1,1
1,11,1,1
1,0,1,1
1,3,1,1
1,14,1,1
1,4,1,1
1,11,1,1
1,16,1,1
1,14,1,1
1,7,1,1
1,11,1,1
1,12,1,1
1,15,1,1
1,1,1,1
1,13,1,1
1,12,1,1
1,5,1,1
1,10,1,1
1,14,1,1
1,5,1,1
1,9,1,1
1,8,1,1
1,20,1,1
1,19,1,1
1,1,1,1
1,5,1,1
1,3,1,1
1,20,1,1
1,9,1,1
1,3,1,1
1,10,1,1
1,20,1,1
1,8,1,1
1,8,1,1
1,2,1,1
1,7,1,1
1,11,1,1
1,17,1,1
1,10,1,1
1,12,1,1
1,4,1,1
1,7,1,1
1,12,1,1
1,8,1,1
1,6,1,1
1,20,1,1
1,20,1,1
1,4,1,1
1,6,1,1
1,9,1,1
1,18,1,1
1,6,1,1
1,19,1,1
1,14,1,1
1,6,1,1
1,19,1,1
1,7,1,1
1,14,1,1
1,1,1,1
1,13,1,1
1,2,1,1
1,6,1,1
1,17,1,1
1,20,1,1
1,6,1,1
1,18,1,1
1,3,1,1
1,14,1,1
1,14,1,1
1,4,1,1
1,18,1,1
1,16,1,1
1,19,1,1
1,18,1,1
1,5,1,1
1,2,1,1
1,5,1,1
1,19,1,1
1,10,1,1
1,0,1,1
1,11,1,1
1,7,1,1
1,12,1,1
1,3,1,1
1,14,1,1
1,8,1,1
1,16,1,1
1,20,1,1
1,16,1,1
1,17,1,1
1,2,1,1
1,12,1,1
1,2,1,1
1,3,1,1
1,6,1,1
1,12,1,1
1,11,1,1
1,12,1,1
1,19,1,1
1,8,1,1
1,18,1,1
1,7,1,1
1,18,1,1
1,6,1,1
1,4,1,1
1,7,1,1
1,8,1,1
1,10,1,1
1,19,1,1
1,17,1,1
1,8,1,1
1,2,1,1
1,8,1,1
1,12,1,1
1,7,1,1
1,13,1,1
1,3,1,1
1,5,1,1
1,1,1,1
1,12,1,1
1,5,1,1
1,15,1,1
1,11,1,1
1,15,1,1
1,8,1,1
1,5,1,1
1,8,1,1
1,2,1,1
1,0,1,1
1,5,1,1
1,0,1,1
1,18,1,1
1,9,1,1
1,4,1,1
1,13,1,1
1,14,1,1
1,15,1,1
1,4,1,1
1,1,1,1
1,4,1,1
1,9,1,1
1,6,1,1
1,4,1,1
1,10,1,1
1,13,1,1
1,12,1,1
1,19,1,1
1,16,1,1
1,20,1,1
1,12,1,1
1,5,1,1
1,1,1,1
1,18,1,1
1,19,1,1
1,2,1,1
1,13,1,1
1,6,1,1
1,12,1,1
1,17,1,1
1,6,1,1
1,9,1,1
1,5,1,1
1,17,1,1
1,1,1,1
1,16,1,1
1,9,1,1
1,12,1,1
1,1,1,1
1,16,1,1
1,10,1,1
1,0,1,1
1,17,1,1
1,13,1,1
1,4,1,1
1,8,1,1
1,6,1,1
1,12,1,1
1,13,1,1
1,20,1,1
1,6,1,1
1,11,1,1
1,5,1,1
1,3,1,1
1,1,1,1
1,14,1,1
1,6,1,1
1,15,1,1
1,9,1,1
1,1,1,1
1,12,1,1
1,13,1,1
1,12,1,1
1,19,1,1
1,13,1,1
1,7,1,1
1,19,1,1
1,5,1,1
1,9,1,1
1,4,1,1
1,16,1,1
1,3,1,1
1,19,1,1
1,15,1,1
1,0,1,1
1,20,1,1
1,7,1,1
1,14,1,1
1,2,1,1
1,12,1,1
1,8,1,1
1,6,1,1
1,4,1,1
1,15,1,1
1,7,1,1
1,14,1,1
1,9,1,1
1,19,1,1
1,19,1,1
1,10,1,1
1,8,1,1
1,1,1,1
1,3,1,1
1,1,1,1
1,13,1,1
1,3,1,1
1,0,1,1
1,6,1,1
1,18,1,1
1,8,1,1
1,19,1,1
1,12,1,1
1,16,1,1
1,15,1,1
1,11,1,1
1,18,1,1
1,3,1,1
1,13,1,1
1,12,1,1
1,2,1,1
1,7,1,1
1,8,1,1
1,2,1,1
1,19,1,1
1,14,1,1
1,12,1,1
1,9,1,1
1,19,1,1
1,4,1,1
1,13,1,1
1,3,1,1
1,13,1,1
1,19,1,1
1,13,1,1
1,18,1,1
1,20,1,1
1,16,1,1
1,9,1,1
1,4,1,1
1,6,1,1
1,0,1,1
1,18,1,1
1,10,1,1
1,10,1,1
1,5,1,1
1,10,1,1
1,3,1,1
1,13,1,1
1,18,1,1
1,2,1,1
1,17,1,1
1,18,1,1
1,19,1,1
1,1,1,1
1,20,1,1
1,1,1,1
1,10,1,1
1,0,1,1
1,4,1,1
1,3,1,1
1,4,1,1
1,4,1,1
1,10,1,1
1,6,1,1
1,6,1,1
1,4,1,1
1,11,1,1
1,3,1,1
1,17,1,1
1,8,1,1
1,12,1,1
1,4,1,1
1,14,1,1
1,11,1,1
1,12,1,1
1,8,1,1
1,19,1,1
1,16,1,1
1,2,1,1
1,17,1,1
1,15,1,1
1,15,1,1
1,12,1,1
1,3,1,1
1,16,1,1
1,14,1,1
1,0,1,1
1,4,1,1
1,19,1,1
1,9,1,1
1,18,1,1
1,20,1,1
1,3,1,1
1,2,1,1
1,9,1,1
1,18,1,1
1,20,1,1
1,18,1,1
1,8,1,1
1,7,1,1
1,8,1,1
1,8,1,1
1,10,1,1
1,0,1,1
1,9,1,1
1,1,1,1
1,6,1,1
1,3,1,1
1,12,1,1
1,16,1,1
1,14,1,1
1,1,1,1
1,12,1,1
1,12,1,1
1,12,1,1
1,19,1,1
1,11,1,1
1,13,1,1
1,1,1,1
1,8,1,1
1,16,1,1
1,20,1,1
1,7,1,1
1,17,1,1
1,15,1,1
1,11,1,1
1,9,1,1
1,7,1,1
1,8,1,1
1,13,1,1
1,13,1,1
1,1,1,1
1,15,1,1
1,10,1,1
1,6,1,1
1,3,1,1
1,7,1,1
1,1,1,1
1,12,1,1
1,6,1,1
1,4,1,1
1,13,1,1
1,4,1,1
1,3,1,1
1,8,1,1
1,2,1,1
1,3,1,1
1,4,1,1
1,14,1,1
1,4,1,1
1,17,1,1
1,13,1,1
1,8,1,1
1,5,1,1
1,7,1,1
1,19,1,1
1,2,1,1
1,4,1,1
1,9,1,1
1,0,1,1
1,1,1,1
1,19,1,1
1,5,1,1
1,14,1,1
1,0,1,1
1,17,1,1
1,8,1,1
1,20,1,1
1,1,1,1
1,0,1,1
1,11,1,1
1,1,1,1
1,4,1,1
1,8,1,1
1,3,1,1
1,4,1,1
1,19,1,1
1,18,1,1
1,5,1,1
1,3,1,1
1,19,1,1
1,6,1,1
1,11,1,1
1,4,1,1
1,12,1,1
1,6,1,1
1,0,1,1
1,4,1,1
1,17,1,1
1,15,1,1
1,12,1,1
1,9,1,1
1,5,1,1
1,17,1,1
1,3,1,1
1,5,1,1
1,0,1,1
0,6,0,0
0,2,0,0
0,5,0,0
0,6,0,0
0,6,0,0
0,5,0,0
0,0,0,0
0,10,0,0
0,10,0,0
0,9,0,0
0,10,0,0
0,5,0,0
0,1,0,0
0,3,0,0
0,4,0,0
0,2,0,0
0,3,0,0
0,1,0,0
0,5,0,0
0,5,0,0
0,7,0,0
0,6,0,0
0,8,0,0
0,8,0,0
0,3,0,0
0,4,0,0
0,1,0,0
0,5,0,0
0,5,0,0
0,6,0,0
0,5,0,0
0,9,0,0
0,0,0,0
0,7,0,0
0,2,0,0
0,3,0,0
0,9,0,0
0,8,0,0
0,9,0,0
0,0,0,0
0,10,0,0
0,1,0,0
0,0,0,0
0,6,0,0
0,6,0,0
0,10,0,0
0,4,0,0
0,5,0,0
0,3,0,0
0,2,0,0
0,5,0,0
0,1,0,0
0,4,0,0
0,6,0,0
0,10,0,0
0,10,0,0
0,6,0,0
0,8,0,0
0,1,0,0
0,6,0,0
0,6,0,0
0,2,0,0
0,4,0,0
0,10,0,0
0,0,0,0
0,2,0,0
0,2,0,0
0,1,0,0
0,2,0,0
0,0,0,0
0,3,0,0
0,10,0,0
0,9,0,0
0,5,0,0
0,9,0,0
0,3,0,0
0,4,0,0
0,6,0,0
0,4,0,0
0,2,0,0
0,1,0,0
0,10,0,0
0,6,0,0
0,5,0,0
0,9,0,0
0,3,0,0
0,6,0,0
0,10,0,0
0,5,0,0
0,6,0,0
0,0,0,0
0,7,0,0
0,1,0,0
0,1,0,0
0,2,0,0
0,7,0,0
0,10,0,0
0,4,0,0
0,0,0,0
0,2,0,0
0,8,0,0
0,5,0,0
0,6,0,0
0,1,0,0
0,0,0,0
0,7,0,0
0,9,0,0
0,2,0,0
0,3,0,0
0,6,0,0
0,5,0,0
0,3,0,0
0,3,0,0
0,4,0,0
0,6,0,0
0,6,0,0
0,8,0,0
0,9,0,0
0,6,0,0
0,9,0,0
0,6,0,0
0,2,0,0
0,8,0,0
0,4,0,0
0,4,0,0
0,2,0,0
0,9,0,0
0,7,0,0
0,2,0,0
0,7,0,0
0,3,0,0
0,0,0,0
0,7,0,0
0,6,0,0
0,10,0,0
0,5,0,0
0,8,0,0
0,4,0,0
0,7,0,0
0,5,0,0
0,4,0,0
0,10,0,0
0,9,0,0
0,2,0,0
0,8,0,0
0,7,0,0
0,0,0,0
0,1,0,0
0,1,0,0
0,0,0,0
0,0,0,0
0,7,0,0
0,0,0,0
0,3,0,0
0,4,0,0
0,6,0,0
0,8,0,0
0,6,0,0
0,2,0,0
0,5,0,0
0,2,0,0
0,3,0,0
0,5,0,0
0,10,0,0
0,4,0,0
0,4,0,0
0,0,0,0
0,1,0,0
0,9,0,0
0,5,0,0
0,4,0,0
0,2,0,0
0,4,0,0
0,6,0,0
0,5,0,0
0,9,0,0
0,8,0,0
0,7,0,0
0,2,0,0
0,3,0,0
0,4,0,0
0,6,0,0
0,1,0,0
0,6,0,0
0,3,0,0
0,0,0,0
0,5,0,0
0,7,0,0
0,10,0,0
0,6,0,0
0,1,0,0
0,7,0,0
0,0,0,0
0,5,0,0
0,5,0,0
0,2,0,0
0,3,0,0
0,1,0,0
0,10,0,0
0,2,0,0
0,1,0,0
0,6,0,0
0,1,0,0
0,7,0,0
0,7,0,0
0,10,0,0
0,9,0,0
0,10,0,0
0,4,0,0
0,4,0,0
0,5,0,0
0,7,0,0
0,0,0,0
0,7,0,0
0,4,0,0
0,5,0,0
0,1,0,0
0,8,0,0
0,1,0,0
0,8,0,0
0,0,0,0
0,7,0,0
0,2,0,0
0,3,0,0
0,8,0,0
0,3,0,0
0,8,0,0
0,8,0,0
0,1,0,0
0,6,0,0
0,4,0,0
0,9,0,0
0,0,0,0
0,3,0,0
0,5,0,0
0,9,0,0
0,3,0,0
0,3,0,0
0,9,0,0
0,9,0,0
0,7,0,0
0,3,0,0
0,10,0,0
0,0,0,0
0,4,0,0
0,9,0,0
0,10,0,0
0,7,0,0
0,10,0,0
0,0,0,0
0,8,0,0
0,1,0,0
0,9,0,0
0,3,0,0
0,9,0,0
0,9,0,0
0,5,0,0
0,4,0,0
0,5,0,0
0,5,0,0
0,8,0,0
0,6,0,0
0,3,0,0
0,8,0,0
0,6,0,0
0,8,0,0
0,1,0,0
0,6,0,0
0,2,0,0
0,6,0,0
0,1,0,0
0,6,0,0
0,10,0,0
0,10,0,0
0,9,0,0
0,10,0,0
0,8,0,0
0,0,0,0
0,10,0,0
0,4,0,0
0,10,0,0
0,5,0,0
0,9,0,0
0,0,0,0
0,10,0,0
0,2,0,0
0,0,0,0
0,9,0,0
0,1,0,0
0,2,0,0
0,8,0,0
0,9,0,0
0,0,0,0
0,6,0,0
0,6,0,0
0,9,0,0
0,6,0,0
0,3,0,0
0,4,0,0
0,2,0,0
0,10,0,0
0,7,0,0
0,0,0,0
0,7,0,0
0,10,0,0
0,3,0,0
0,5,0,0
0,1,0,0
0,10,0,0
0,8,0,0
0,6,0,0
0,6,0,0
0,7,0,0
0,7,0,0
0,1,0,0
0,8,0,0
0,8,0,0
0,4,0,0
0,3,0,0
0,10,0,0
0,7,0,0
0,4,0,0
0,7,0,0
0,3,0,0
0,1,0,0
0,10,0,0
0,9,0,0
0,3,0,0
0,8,0,0
0,10,0,0
0,8,0,0
0,4,0,0
0,10,0,0
0,4,0,0
0,8,0,0
0,2,0,0
0,10,0,0
0,10,0,0
0,10,0,0
0,2,0,0
0,8,0,0
0,9,0,0
0,9,0,0
0,2,0,0
0,10,0,0
0,7,0,0
0,9,0,0
0,0,0,0
0,7,0,0
0,2,0,0
0,3,0,0
0,2,0,0
0,1,0,0
0,0,0,0
0,1,0,0
0,6,0,0
0,8,0,0
0,8,0,0
0,0,0,0
0,10,0,0
0,5,0,0
0,10,0,0
0,7,0,0
0,7,0,0
0,5,0,0
0,1,0,0
0,3,0,0
0,7,0,0
0,9,0,0
0,4,0,0
0,8,0,0
0,4,0,0
0,10,0,0
0,0,0,0
0,2,0,0
0,6,0,0
0,3,0,0
0,8,0,0
0,8,0,0
0,3,0,0
0,4,0,0
0,10,0,0
0,9,0,0
0,1,0,0
0,9,0,0
0,6,0,0
0,2,0,0
0,7,0,0
0,9,0,0
0,7,0,0
0,9,0,0
0,2,0,0
0,9,0,0
0,3,0,0
0,10,0,0
0,9,0,0
0,5,0,0
0,9,0,0
0,0,0,0
0,1,0,0
0,1,0,0
0,7,0,0
0,5,0,0
0,9,0,0
0,6,0,0
0,9,0,0
0,9,0,0
0,3,0,0
0,5,0,0
0,6,0,0
0,5,0,0
0,10,0,0
0,8,0,0
0,6,0,0
0,1,0,0
0,4,0,0
0,10,0,0
0,6,0,0
0,1,0,0
0,2,0,0
0,0,0,0
0,6,0,0
0,4,0,0
0,4,0,0
0,9,0,0
0,4,0,0
0,2,0,0
0,5,0,0
0,10,0,0
0,2,0,0
0,7,0,0
0,7,0,0
0,9,0,0
0,9,0,0
0,4,0,0
0,3,0,0
0,1,0,0
0,4,0,0
0,8,0,0
0,10,0,0
0,2,0,0
0,0,0,0
0,1,0,0
0,8,0,0
0,8,0,0
0,9,0,0
0,8,0,0
0,1,0,0
0,0,0,0
0,4,0,0
0,9,0,0
0,6,0,0
0,5,0,0
0,3,0,0
0,0,0,0
0,9,0,0
0,9,0,0
0,0,0,0
0,9,0,0
0,5,0,0
0,2,0,0
0,3,0,0
0,0,0,0
0,1,0,0
0,9,0,0
0,3,0,0
0,4,0,0
0,5,0,0
0,6,0,0
0,7,0,0
0,0,0,0
0,3,0,0
0,9,0,0
0,3,0,0
0,6,0,0
0,0,0,0
0,9,0,0
0,3,0,0
0,7,0,0
0,5,0,0
0,9,0,0
0,0,0,0
0,2,0,0
0,3,0,0
0,7,0,0
0,6,0,0
0,3,0,0
0,4,0,0
0,7,0,0
0,0,0,0
0,9,0,0
0,4,0,0
0,0,0,0
0,10,0,0
0,1,0,0
0,3,0,0
0,9,0,0
0,3,0,0
0,9,0,0
0,4,0,0
0,4,0,0
0,3,0,0
0,0,0,0
0,9,0,0
0,4,0,0
0,7,0,0
0,9,0,0
0,1,0,0
0,2,0,0
0,3,0,0
0,0,0,0
0,4,0,0
0,4,0,0
0,5,0,0
0,8,0,0
0,2,0,0
0,1,0,0
0,0,0,0
0,5,0,0
0,10,0,0
0,8,0,0
0,10,0,0
0,9,0,0
0,0,0,0
0,6,0,0
0,2,0,0
0,2,0,0
0,4,0,0
0,5,0,0
0,7,0,0
0,8,0,0
0,10,0,0
0,10,0,0
0,3,0,0
0,6,0,0
0,1,0,0
0,3,0,0
0,6,0,0
0,10,0,0
0,5,0,0
0,4,0,0
0,10,0,0
0,10,0,0
0,6,0,0
0,1,0,0
0,3,0,0
0,4,0,0
0,6,0,0
0,10,0,0
0,3,0,0
0,6,0,0
0,7,0,0
0,3,0,0
0,3,0,0
0,3,0,0
0,2,0,0
0,1,0,0
0,9,0,0
0,1,0,0
0,4,0,0
0,1,0,0
0,10,0,0
0,8,0,0
0,5,0,0
0,4,0,0
0,2,0,0
0,0,0,0
0,0,0,0
0,9,0,0
0,9,0,0
0,2,0,0
0,5,0,0
0,3,0,0
0,2,0,0
0,7,0,0
0,5,0,0
0,0,0,0
0,2,0,0
0,8,0,0
0,9,0,0
0,5,0,0
0,5,0,0
0,8,0,0
0,5,0,0
0,2,0,0
0,7,0,0
0,10,0,0
0,8,0,0
0,6,0,0
0,10,0,0
0,7,0,0
0,8,0,0
0,4,0,0
0,2,0,0
0,3,0,0
0,2,0,0
0,9,0,0
0,9,0,0
0,2,0,0
0,2,0,0
0,3,0,0
0,2,0,0
0,6,0,0
0,8,0,0
0,6,0,0
0,6,0,0
0,9,0,0
0,3,0,0
0,7,0,0
0,7,0,0
0,3,0,0
0,0,0,0
0,6,0,0
0,7,0,0
0,7,0,0
0,0,0,0
0,7,0,0
0,4,0,0
0,6,0,0
0,4,0,0
0,9,0,0
0,10,0,0
0,10,0,0
0,4,0,0
0,1,0,0
0,3,0,0
0,7,0,0
0,2,0,0
0,9,0,0
0,8,0,0
0,8,0,0
0,0,0,0
0,4,0,0
0,4,0,0
0,9,0,0
0,2,0,0
0,6,0,0
0,7,0,0
0,9,0,0
0,5,0,0
0,10,0,0
0,3,0,0
0,3,0,0
0,9,0,0
0,8,0,0
0,6,0,0
0,10,0,0
0,8,0,0
0,5,0,0
0,3,0,0
0,7,0,0
0,2,0,0
0,0,0,0
0,4,0,0
0,8,0,0
0,1,0,0
0,3,0,0
0,4,0,0
0,5,0,0
0,9,0,0
0,10,0,0
0,6,0,0
0,0,0,0
0,6,0,0
0,1,0,0
0,10,0,0
0,9,0,0
0,4,0,0
0,8,0,0
0,1,0,0
0,5,0,0
0,7,0,0
0,6,0,0
0,2,0,0
0,10,0,0
0,3,0,0
0,7,0,0
0,7,0,0
0,5,0,0
0,5,0,0
0,4,0,0
0,7,0,0
0,1,0,0
0,7,0,0
0,7,0,0
0,5,0,0
0,7,0,0
0,3,0,0
0,10,0,0
0,8,0,0
0,10,0,0
0,10,0,0
0,4,0,0
0,0,0,0
0,7,0,0
0,6,0,0
0,3,0,0
0,3,0,0
0,0,0,0
0,8,0,0
0,2,0,0
0,0,0,0
0,4,0,0
0,8,0,0
0,0,0,0
0,4,0,0
0,6,0,0
0,1,0,0
0,1,0,0
0,6,0,0
0,1,0,0
0,0,0,0
0,6,0,0
0,4,0,0
0,7,0,0
0,1,0,0
0,4,0,0
0,6,0,0
0,5,0,0
0,0,0,0
0,4,0,0
0,8,0,0
0,9,0,0
0,6,0,0
0,10,0,0
0,4,0,0
0,4,0,0
0,2,0,0
0,5,0,0
0,7,0,0
0,2,0,0
0,8,0,0
0,7,0,0
0,9,0,0
0,2,0,0
0,4,0,0
0,0,0,0
0,3,0,0
0,10,0,0
0,4,0,0
0,6,0,0
0,3,0,0
0,2,0,0
0,1,0,0
0,3,0,0
0,0,0,0
0,9,0,0
0,1,0,0
0,4,0,0
0,0,0,0
0,8,0,0
0,2,0,0
0,9,0,0
0,1,0,0
0,4,0,0
0,3,0,0
0,6,0,0
0,4,0,0
0,9,0,0
0,8,0,0
0,5,0,0
0,2,0,0
0,1,0,0
0,7,0,0
0,8,0,0
0,7,0,0
0,0,0,0
0,1,0,0
0,2,0,0
0,2,0,0
0,3,0,0
0,4,0,0
0,8,0,0
0,4,0,0
0,6,0,0
0,4,0,0
0,2,0,0
0,4,0,0
0,6,0,0
0,9,0,0
0,5,0,0
0,4,0,0
0,10,0,0
0,4,0,0
0,0,0,0
0,3,0,0
0,6,0,0
0,3,0,0
0,7,0,0
0,3,0,0
0,3,0,0
0,6,0,0
0,1,0,0
0,7,0,0
0,6,0,0
0,9,0,0
0,10,0,0
0,8,0,0
0,5,0,0
0,3,0,0
0,1,0,0
0,5,0,0
0,0,0,0
0,1,0,0
0,2,0,0
0,6,0,0
0,4,0,0
0,0,0,0
0,6,0,0
0,2,0,0
0,2,0,0
0,10,0,0
0,0,0,0
0,1,0,0
0,7,0,0
0,8,0,0
0,3,0,0
0,0,0,0
0,10,0,0
0,4,0,0
0,2,0,0
0,4,0,0
0,9,0,0
0,0,0,0
0,4,0,0
0,2,0,0
0,10,0,0
0,10,0,0
0,0,0,0
0,9,0,0
0,10,0,0
0,7,0,0
0,7,0,0
0,5,0,0
0,7,0,0
0,1,0,0
0,4,0,0
0,6,0,0
0,6,0,0
0,5,0,0
0,10,0,0
0,4,0,0
0,6,0,0
0,7,0,0
0,4,0,0
0,5,0,0
0,2,0,0
0,2,0,0
0,10,0,0
0,9,0,0
0,0,0,0
0,6,0,0
0,10,0,0
0,0,0,0
0,8,0,0
0,3,0,0
0,1,0,0
0,8,0,0
0,9,0,0
0,0,0,0
0,1,0,0
0,5,0,0
0,1,0,0
0,6,0,0
0,10,0,0
0,1,0,0
0,8,0,0
0,3,0,0
0,4,0,0
0,10,0,0
0,9,0,0
0,1,0,0
0,0,0,0
0,4,0,0
0,0,0,0
0,4,0,0
0,8,0,0
0,8,0,0
0,1,0,0
0,10,0,0
0,2,0,0
0,3,0,0
0,7,0,0
0,8,0,0
0,10,0,0
0,6,0,0
0,4,0,0
0,3,0,0
0,4,0,0
0,4,0,0
0,7,0,0
0,0,0,0
0,9,0,0
0,6,0,0
0,8,0,0
0,8,0,0
0,10,0,0
0,8,0,0
0,8,0,0
0,8,0,0
0,7,0,0
0,1,0,0
0,3,0,0
0,6,0,0
0,1,0,0
0,5,0,0
0,3,0,0
0,4,0,0
0,6,0,0
0,4,0,0
0,10,0,0
0,7,0,0
0,5,0,0
0,9,0,0
0,4,0,0
0,10,0,0
0,5,0,0
0,1,0,0
0,10,0,0
0,5,0,0
0,7,0,0
0,7,0,0
0,0,0,0
0,5,0,0
0,8,0,0
0,1,0,0
0,1,0,0
0,0,0,0
0,4,0,0
0,10,0,0
0,8,0,0
0,7,0,0
0,4,0,0
0,6,0,0
0,0,0,0
0,3,0,0
0,0,0,0
0,3,0,0
0,2,0,0
0,4,0,0
0,9,0,0
0,5,0,0
0,5,0,0
0,8,0,0
0,2,0,0
0,2,0,0
0,6,0,0
0,2,0,0
0,1,0,0
0,3,0,0
0,6,0,0
0,2,0,0
0,10,0,0
0,6,0,0
0,7,0,0
0,8,0,0
0,4,0,0
0,10,0,0
0,10,0,0
0,3,0,0
0,3,0,0
0,9,0,0
0,1,0,0
0,5,0,0
0,8,0,0
0,1,0,0
0,4,0,0
0,10,0,0
0,9,0,0
0,3,0,0
0,10,0,0
0,0,0,0
0,1,0,0
0,4,0,0
0,4,0,0
0,2,0,0
0,7,0,0
0,8,0,0
0,6,0,0
0,7,0,0
0,2,0,0
0,10,0,0
0,7,0,0
0,4,0,0
0,8,0,0
0,4,0,0
0,9,0,0
0,9,0,0
0,2,0,0
0,4,0,0
0,0,0,0
0,10,0,0
0,8,0,0
0,8,0,0
0,8,0,0
0,5,0,0
0,8,0,0
0,6,0,0
0,7,0,0
0,6,0,0
